category,total_quantity,total_value
Automotive,680,15443.2
Beauty,825,9886.75
Books,875,11941.249999999998
Clothing,880,20641.2
Electronics,910,173435.9
Furniture,363,67046.37
Grocery,1920,2240.0
Sports,520,16159.800000000001
Tools,605,11333.949999999999
Toys,770,12802.300000000001
